"GEO_ID","id"
"NAME","Geographic Area Name"
"S1902_C01_001E","Estimate!!Number!!HOUSEHOLD INCOME!!All households"
"S1902_C01_001M","Margin of Error!!Number!!HOUSEHOLD INCOME!!All households"
"S1902_C01_002E","Estimate!!Number!!HOUSEHOLD INCOME!!All households!!With earnings"
"S1902_C01_002M","Margin of Error!!Number!!HOUSEHOLD INCOME!!All households!!With earnings"
"S1902_C01_003E","Estimate!!Number!!HOUSEHOLD INCOME!!All households!!With earnings!!With wages or salary income"
"S1902_C01_003M","Margin of Error!!Number!!HOUSEHOLD INCOME!!All households!!With earnings!!With wages or salary income"
"S1902_C01_004E","Estimate!!Number!!HOUSEHOLD INCOME!!All households!!With earnings!!With self-employment income"
"S1902_C01_004M","Margin of Error!!Number!!HOUSEHOLD INCOME!!All households!!With earnings!!With self-employment income"
"S1902_C01_005E","Estimate!!Number!!HOUSEHOLD INCOME!!All households!!With interest, dividends, or net rental income"
"S1902_C01_005M","Margin of Error!!Number!!HOUSEHOLD INCOME!!All households!!With interest, dividends, or net rental income"
"S1902_C01_006E","Estimate!!Number!!HOUSEHOLD INCOME!!All households!!With Social Security income"
"S1902_C01_006M","Margin of Error!!Number!!HOUSEHOLD INCOME!!All households!!With Social Security income"
"S1902_C01_007E","Estimate!!Number!!HOUSEHOLD INCOME!!All households!!With Supplemental Security Income (SSI)"
"S1902_C01_007M","Margin of Error!!Number!!HOUSEHOLD INCOME!!All households!!With Supplemental Security Income (SSI)"
"S1902_C01_008E","Estimate!!Number!!HOUSEHOLD INCOME!!All households!!With cash public assistance income or Food Stamps/SNAP"
"S1902_C01_008M","Margin of Error!!Number!!HOUSEHOLD INCOME!!All households!!With cash public assistance income or Food Stamps/SNAP"
"S1902_C01_009E","Estimate!!Number!!HOUSEHOLD INCOME!!All households!!With cash public assistance income or Food Stamps/SNAP!!With cash public assistance"
"S1902_C01_009M","Margin of Error!!Number!!HOUSEHOLD INCOME!!All households!!With cash public assistance income or Food Stamps/SNAP!!With cash public assistance"
"S1902_C01_010E","Estimate!!Number!!HOUSEHOLD INCOME!!All households!!With retirement income"
"S1902_C01_010M","Margin of Error!!Number!!HOUSEHOLD INCOME!!All households!!With retirement income"
"S1902_C01_011E","Estimate!!Number!!HOUSEHOLD INCOME!!All households!!With other types of income"
"S1902_C01_011M","Margin of Error!!Number!!HOUSEHOLD INCOME!!All households!!With other types of income"
"S1902_C01_012E","Estimate!!Number!!FAMILY INCOME BY NUMBER OF WORKERS IN FAMILY!!All families"
"S1902_C01_012M","Margin of Error!!Number!!FAMILY INCOME BY NUMBER OF WORKERS IN FAMILY!!All families"
"S1902_C01_013E","Estimate!!Number!!FAMILY INCOME BY NUMBER OF WORKERS IN FAMILY!!All families!!No workers"
"S1902_C01_013M","Margin of Error!!Number!!FAMILY INCOME BY NUMBER OF WORKERS IN FAMILY!!All families!!No workers"
"S1902_C01_014E","Estimate!!Number!!FAMILY INCOME BY NUMBER OF WORKERS IN FAMILY!!All families!!1 worker"
"S1902_C01_014M","Margin of Error!!Number!!FAMILY INCOME BY NUMBER OF WORKERS IN FAMILY!!All families!!1 worker"
"S1902_C01_015E","Estimate!!Number!!FAMILY INCOME BY NUMBER OF WORKERS IN FAMILY!!All families!!2 workers, both spouses worked"
"S1902_C01_015M","Margin of Error!!Number!!FAMILY INCOME BY NUMBER OF WORKERS IN FAMILY!!All families!!2 workers, both spouses worked"
"S1902_C01_016E","Estimate!!Number!!FAMILY INCOME BY NUMBER OF WORKERS IN FAMILY!!All families!!2 workers, other"
"S1902_C01_016M","Margin of Error!!Number!!FAMILY INCOME BY NUMBER OF WORKERS IN FAMILY!!All families!!2 workers, other"
"S1902_C01_017E","Estimate!!Number!!FAMILY INCOME BY NUMBER OF WORKERS IN FAMILY!!All families!!3 or more workers, both spouses worked"
"S1902_C01_017M","Margin of Error!!Number!!FAMILY INCOME BY NUMBER OF WORKERS IN FAMILY!!All families!!3 or more workers, both spouses worked"
"S1902_C01_018E","Estimate!!Number!!FAMILY INCOME BY NUMBER OF WORKERS IN FAMILY!!All families!!3 or more workers, other"
"S1902_C01_018M","Margin of Error!!Number!!FAMILY INCOME BY NUMBER OF WORKERS IN FAMILY!!All families!!3 or more workers, other"
"S1902_C01_019E","Estimate!!Number!!PER CAPITA INCOME BY RACE AND HISPANIC OR LATINO ORIGIN!!Total population"
"S1902_C01_019M","Margin of Error!!Number!!PER CAPITA INCOME BY RACE AND HISPANIC OR LATINO ORIGIN!!Total population"
"S1902_C01_020E","Estimate!!Number!!PER CAPITA INCOME BY RACE AND HISPANIC OR LATINO ORIGIN!!Total population!!One race--!!White"
"S1902_C01_020M","Margin of Error!!Number!!PER CAPITA INCOME BY RACE AND HISPANIC OR LATINO ORIGIN!!Total population!!One race--!!White"
"S1902_C01_021E","Estimate!!Number!!PER CAPITA INCOME BY RACE AND HISPANIC OR LATINO ORIGIN!!Total population!!One race--!!Black or African American"
"S1902_C01_021M","Margin of Error!!Number!!PER CAPITA INCOME BY RACE AND HISPANIC OR LATINO ORIGIN!!Total population!!One race--!!Black or African American"
"S1902_C01_022E","Estimate!!Number!!PER CAPITA INCOME BY RACE AND HISPANIC OR LATINO ORIGIN!!Total population!!One race--!!American Indian and Alaska Native"
"S1902_C01_022M","Margin of Error!!Number!!PER CAPITA INCOME BY RACE AND HISPANIC OR LATINO ORIGIN!!Total population!!One race--!!American Indian and Alaska Native"
"S1902_C01_023E","Estimate!!Number!!PER CAPITA INCOME BY RACE AND HISPANIC OR LATINO ORIGIN!!Total population!!One race--!!Asian"
"S1902_C01_023M","Margin of Error!!Number!!PER CAPITA INCOME BY RACE AND HISPANIC OR LATINO ORIGIN!!Total population!!One race--!!Asian"
"S1902_C01_024E","Estimate!!Number!!PER CAPITA INCOME BY RACE AND HISPANIC OR LATINO ORIGIN!!Total population!!One race--!!Native Hawaiian and Other Pacific Islander"
"S1902_C01_024M","Margin of Error!!Number!!PER CAPITA INCOME BY RACE AND HISPANIC OR LATINO ORIGIN!!Total population!!One race--!!Native Hawaiian and Other Pacific Islander"
"S1902_C01_025E","Estimate!!Number!!PER CAPITA INCOME BY RACE AND HISPANIC OR LATINO ORIGIN!!Total population!!One race--!!Some other race"
"S1902_C01_025M","Margin of Error!!Number!!PER CAPITA INCOME BY RACE AND HISPANIC OR LATINO ORIGIN!!Total population!!One race--!!Some other race"
"S1902_C01_026E","Estimate!!Number!!PER CAPITA INCOME BY RACE AND HISPANIC OR LATINO ORIGIN!!Total population!!Two or more races"
"S1902_C01_026M","Margin of Error!!Number!!PER CAPITA INCOME BY RACE AND HISPANIC OR LATINO ORIGIN!!Total population!!Two or more races"
"S1902_C01_027E","Estimate!!Number!!PER CAPITA INCOME BY RACE AND HISPANIC OR LATINO ORIGIN!!Total population!!Hispanic or Latino origin (of any race)"
"S1902_C01_027M","Margin of Error!!Number!!PER CAPITA INCOME BY RACE AND HISPANIC OR LATINO ORIGIN!!Total population!!Hispanic or Latino origin (of any race)"
"S1902_C01_028E","Estimate!!Number!!PER CAPITA INCOME BY RACE AND HISPANIC OR LATINO ORIGIN!!Total population!!White alone, not Hispanic or Latino"
"S1902_C01_028M","Margin of Error!!Number!!PER CAPITA INCOME BY RACE AND HISPANIC OR LATINO ORIGIN!!Total population!!White alone, not Hispanic or Latino"
"S1902_C02_001E","Estimate!!Percent Distribution!!HOUSEHOLD INCOME!!All households"
"S1902_C02_001M","Margin of Error!!Percent Distribution!!HOUSEHOLD INCOME!!All households"
"S1902_C02_002E","Estimate!!Percent Distribution!!HOUSEHOLD INCOME!!All households!!With earnings"
"S1902_C02_002M","Margin of Error!!Percent Distribution!!HOUSEHOLD INCOME!!All households!!With earnings"
"S1902_C02_003E","Estimate!!Percent Distribution!!HOUSEHOLD INCOME!!All households!!With earnings!!With wages or salary income"
"S1902_C02_003M","Margin of Error!!Percent Distribution!!HOUSEHOLD INCOME!!All households!!With earnings!!With wages or salary income"
"S1902_C02_004E","Estimate!!Percent Distribution!!HOUSEHOLD INCOME!!All households!!With earnings!!With self-employment income"
"S1902_C02_004M","Margin of Error!!Percent Distribution!!HOUSEHOLD INCOME!!All households!!With earnings!!With self-employment income"
"S1902_C02_005E","Estimate!!Percent Distribution!!HOUSEHOLD INCOME!!All households!!With interest, dividends, or net rental income"
"S1902_C02_005M","Margin of Error!!Percent Distribution!!HOUSEHOLD INCOME!!All households!!With interest, dividends, or net rental income"
"S1902_C02_006E","Estimate!!Percent Distribution!!HOUSEHOLD INCOME!!All households!!With Social Security income"
"S1902_C02_006M","Margin of Error!!Percent Distribution!!HOUSEHOLD INCOME!!All households!!With Social Security income"
"S1902_C02_007E","Estimate!!Percent Distribution!!HOUSEHOLD INCOME!!All households!!With Supplemental Security Income (SSI)"
"S1902_C02_007M","Margin of Error!!Percent Distribution!!HOUSEHOLD INCOME!!All households!!With Supplemental Security Income (SSI)"
"S1902_C02_008E","Estimate!!Percent Distribution!!HOUSEHOLD INCOME!!All households!!With cash public assistance income or Food Stamps/SNAP"
"S1902_C02_008M","Margin of Error!!Percent Distribution!!HOUSEHOLD INCOME!!All households!!With cash public assistance income or Food Stamps/SNAP"
"S1902_C02_009E","Estimate!!Percent Distribution!!HOUSEHOLD INCOME!!All households!!With cash public assistance income or Food Stamps/SNAP!!With cash public assistance"
"S1902_C02_009M","Margin of Error!!Percent Distribution!!HOUSEHOLD INCOME!!All households!!With cash public assistance income or Food Stamps/SNAP!!With cash public assistance"
"S1902_C02_010E","Estimate!!Percent Distribution!!HOUSEHOLD INCOME!!All households!!With retirement income"
"S1902_C02_010M","Margin of Error!!Percent Distribution!!HOUSEHOLD INCOME!!All households!!With retirement income"
"S1902_C02_011E","Estimate!!Percent Distribution!!HOUSEHOLD INCOME!!All households!!With other types of income"
"S1902_C02_011M","Margin of Error!!Percent Distribution!!HOUSEHOLD INCOME!!All households!!With other types of income"
"S1902_C02_012E","Estimate!!Percent Distribution!!FAMILY INCOME BY NUMBER OF WORKERS IN FAMILY!!All families"
"S1902_C02_012M","Margin of Error!!Percent Distribution!!FAMILY INCOME BY NUMBER OF WORKERS IN FAMILY!!All families"
"S1902_C02_013E","Estimate!!Percent Distribution!!FAMILY INCOME BY NUMBER OF WORKERS IN FAMILY!!All families!!No workers"
"S1902_C02_013M","Margin of Error!!Percent Distribution!!FAMILY INCOME BY NUMBER OF WORKERS IN FAMILY!!All families!!No workers"
"S1902_C02_014E","Estimate!!Percent Distribution!!FAMILY INCOME BY NUMBER OF WORKERS IN FAMILY!!All families!!1 worker"
"S1902_C02_014M","Margin of Error!!Percent Distribution!!FAMILY INCOME BY NUMBER OF WORKERS IN FAMILY!!All families!!1 worker"
"S1902_C02_015E","Estimate!!Percent Distribution!!FAMILY INCOME BY NUMBER OF WORKERS IN FAMILY!!All families!!2 workers, both spouses worked"
"S1902_C02_015M","Margin of Error!!Percent Distribution!!FAMILY INCOME BY NUMBER OF WORKERS IN FAMILY!!All families!!2 workers, both spouses worked"
"S1902_C02_016E","Estimate!!Percent Distribution!!FAMILY INCOME BY NUMBER OF WORKERS IN FAMILY!!All families!!2 workers, other"
"S1902_C02_016M","Margin of Error!!Percent Distribution!!FAMILY INCOME BY NUMBER OF WORKERS IN FAMILY!!All families!!2 workers, other"
"S1902_C02_017E","Estimate!!Percent Distribution!!FAMILY INCOME BY NUMBER OF WORKERS IN FAMILY!!All families!!3 or more workers, both spouses worked"
"S1902_C02_017M","Margin of Error!!Percent Distribution!!FAMILY INCOME BY NUMBER OF WORKERS IN FAMILY!!All families!!3 or more workers, both spouses worked"
"S1902_C02_018E","Estimate!!Percent Distribution!!FAMILY INCOME BY NUMBER OF WORKERS IN FAMILY!!All families!!3 or more workers, other"
"S1902_C02_018M","Margin of Error!!Percent Distribution!!FAMILY INCOME BY NUMBER OF WORKERS IN FAMILY!!All families!!3 or more workers, other"
"S1902_C02_019E","Estimate!!Percent Distribution!!PER CAPITA INCOME BY RACE AND HISPANIC OR LATINO ORIGIN!!Total population"
"S1902_C02_019M","Margin of Error!!Percent Distribution!!PER CAPITA INCOME BY RACE AND HISPANIC OR LATINO ORIGIN!!Total population"
"S1902_C02_020E","Estimate!!Percent Distribution!!PER CAPITA INCOME BY RACE AND HISPANIC OR LATINO ORIGIN!!Total population!!One race--!!White"
"S1902_C02_020M","Margin of Error!!Percent Distribution!!PER CAPITA INCOME BY RACE AND HISPANIC OR LATINO ORIGIN!!Total population!!One race--!!White"
"S1902_C02_021E","Estimate!!Percent Distribution!!PER CAPITA INCOME BY RACE AND HISPANIC OR LATINO ORIGIN!!Total population!!One race--!!Black or African American"
"S1902_C02_021M","Margin of Error!!Percent Distribution!!PER CAPITA INCOME BY RACE AND HISPANIC OR LATINO ORIGIN!!Total population!!One race--!!Black or African American"
"S1902_C02_022E","Estimate!!Percent Distribution!!PER CAPITA INCOME BY RACE AND HISPANIC OR LATINO ORIGIN!!Total population!!One race--!!American Indian and Alaska Native"
"S1902_C02_022M","Margin of Error!!Percent Distribution!!PER CAPITA INCOME BY RACE AND HISPANIC OR LATINO ORIGIN!!Total population!!One race--!!American Indian and Alaska Native"
"S1902_C02_023E","Estimate!!Percent Distribution!!PER CAPITA INCOME BY RACE AND HISPANIC OR LATINO ORIGIN!!Total population!!One race--!!Asian"
"S1902_C02_023M","Margin of Error!!Percent Distribution!!PER CAPITA INCOME BY RACE AND HISPANIC OR LATINO ORIGIN!!Total population!!One race--!!Asian"
"S1902_C02_024E","Estimate!!Percent Distribution!!PER CAPITA INCOME BY RACE AND HISPANIC OR LATINO ORIGIN!!Total population!!One race--!!Native Hawaiian and Other Pacific Islander"
"S1902_C02_024M","Margin of Error!!Percent Distribution!!PER CAPITA INCOME BY RACE AND HISPANIC OR LATINO ORIGIN!!Total population!!One race--!!Native Hawaiian and Other Pacific Islander"
"S1902_C02_025E","Estimate!!Percent Distribution!!PER CAPITA INCOME BY RACE AND HISPANIC OR LATINO ORIGIN!!Total population!!One race--!!Some other race"
"S1902_C02_025M","Margin of Error!!Percent Distribution!!PER CAPITA INCOME BY RACE AND HISPANIC OR LATINO ORIGIN!!Total population!!One race--!!Some other race"
"S1902_C02_026E","Estimate!!Percent Distribution!!PER CAPITA INCOME BY RACE AND HISPANIC OR LATINO ORIGIN!!Total population!!Two or more races"
"S1902_C02_026M","Margin of Error!!Percent Distribution!!PER CAPITA INCOME BY RACE AND HISPANIC OR LATINO ORIGIN!!Total population!!Two or more races"
"S1902_C02_027E","Estimate!!Percent Distribution!!PER CAPITA INCOME BY RACE AND HISPANIC OR LATINO ORIGIN!!Total population!!Hispanic or Latino origin (of any race)"
"S1902_C02_027M","Margin of Error!!Percent Distribution!!PER CAPITA INCOME BY RACE AND HISPANIC OR LATINO ORIGIN!!Total population!!Hispanic or Latino origin (of any race)"
"S1902_C02_028E","Estimate!!Percent Distribution!!PER CAPITA INCOME BY RACE AND HISPANIC OR LATINO ORIGIN!!Total population!!White alone, not Hispanic or Latino"
"S1902_C02_028M","Margin of Error!!Percent Distribution!!PER CAPITA INCOME BY RACE AND HISPANIC OR LATINO ORIGIN!!Total population!!White alone, not Hispanic or Latino"
"S1902_C03_001E","Estimate!!Mean income (dollars)!!HOUSEHOLD INCOME!!All households"
"S1902_C03_001M","Margin of Error!!Mean income (dollars)!!HOUSEHOLD INCOME!!All households"
"S1902_C03_002E","Estimate!!Mean income (dollars)!!HOUSEHOLD INCOME!!All households!!With earnings"
"S1902_C03_002M","Margin of Error!!Mean income (dollars)!!HOUSEHOLD INCOME!!All households!!With earnings"
"S1902_C03_003E","Estimate!!Mean income (dollars)!!HOUSEHOLD INCOME!!All households!!With earnings!!With wages or salary income"
"S1902_C03_003M","Margin of Error!!Mean income (dollars)!!HOUSEHOLD INCOME!!All households!!With earnings!!With wages or salary income"
"S1902_C03_004E","Estimate!!Mean income (dollars)!!HOUSEHOLD INCOME!!All households!!With earnings!!With self-employment income"
"S1902_C03_004M","Margin of Error!!Mean income (dollars)!!HOUSEHOLD INCOME!!All households!!With earnings!!With self-employment income"
"S1902_C03_005E","Estimate!!Mean income (dollars)!!HOUSEHOLD INCOME!!All households!!With interest, dividends, or net rental income"
"S1902_C03_005M","Margin of Error!!Mean income (dollars)!!HOUSEHOLD INCOME!!All households!!With interest, dividends, or net rental income"
"S1902_C03_006E","Estimate!!Mean income (dollars)!!HOUSEHOLD INCOME!!All households!!With Social Security income"
"S1902_C03_006M","Margin of Error!!Mean income (dollars)!!HOUSEHOLD INCOME!!All households!!With Social Security income"
"S1902_C03_007E","Estimate!!Mean income (dollars)!!HOUSEHOLD INCOME!!All households!!With Supplemental Security Income (SSI)"
"S1902_C03_007M","Margin of Error!!Mean income (dollars)!!HOUSEHOLD INCOME!!All households!!With Supplemental Security Income (SSI)"
"S1902_C03_008E","Estimate!!Mean income (dollars)!!HOUSEHOLD INCOME!!All households!!With cash public assistance income or Food Stamps/SNAP"
"S1902_C03_008M","Margin of Error!!Mean income (dollars)!!HOUSEHOLD INCOME!!All households!!With cash public assistance income or Food Stamps/SNAP"
"S1902_C03_009E","Estimate!!Mean income (dollars)!!HOUSEHOLD INCOME!!All households!!With cash public assistance income or Food Stamps/SNAP!!With cash public assistance"
"S1902_C03_009M","Margin of Error!!Mean income (dollars)!!HOUSEHOLD INCOME!!All households!!With cash public assistance income or Food Stamps/SNAP!!With cash public assistance"
"S1902_C03_010E","Estimate!!Mean income (dollars)!!HOUSEHOLD INCOME!!All households!!With retirement income"
"S1902_C03_010M","Margin of Error!!Mean income (dollars)!!HOUSEHOLD INCOME!!All households!!With retirement income"
"S1902_C03_011E","Estimate!!Mean income (dollars)!!HOUSEHOLD INCOME!!All households!!With other types of income"
"S1902_C03_011M","Margin of Error!!Mean income (dollars)!!HOUSEHOLD INCOME!!All households!!With other types of income"
"S1902_C03_012E","Estimate!!Mean income (dollars)!!FAMILY INCOME BY NUMBER OF WORKERS IN FAMILY!!All families"
"S1902_C03_012M","Margin of Error!!Mean income (dollars)!!FAMILY INCOME BY NUMBER OF WORKERS IN FAMILY!!All families"
"S1902_C03_013E","Estimate!!Mean income (dollars)!!FAMILY INCOME BY NUMBER OF WORKERS IN FAMILY!!All families!!No workers"
"S1902_C03_013M","Margin of Error!!Mean income (dollars)!!FAMILY INCOME BY NUMBER OF WORKERS IN FAMILY!!All families!!No workers"
"S1902_C03_014E","Estimate!!Mean income (dollars)!!FAMILY INCOME BY NUMBER OF WORKERS IN FAMILY!!All families!!1 worker"
"S1902_C03_014M","Margin of Error!!Mean income (dollars)!!FAMILY INCOME BY NUMBER OF WORKERS IN FAMILY!!All families!!1 worker"
"S1902_C03_015E","Estimate!!Mean income (dollars)!!FAMILY INCOME BY NUMBER OF WORKERS IN FAMILY!!All families!!2 workers, both spouses worked"
"S1902_C03_015M","Margin of Error!!Mean income (dollars)!!FAMILY INCOME BY NUMBER OF WORKERS IN FAMILY!!All families!!2 workers, both spouses worked"
"S1902_C03_016E","Estimate!!Mean income (dollars)!!FAMILY INCOME BY NUMBER OF WORKERS IN FAMILY!!All families!!2 workers, other"
"S1902_C03_016M","Margin of Error!!Mean income (dollars)!!FAMILY INCOME BY NUMBER OF WORKERS IN FAMILY!!All families!!2 workers, other"
"S1902_C03_017E","Estimate!!Mean income (dollars)!!FAMILY INCOME BY NUMBER OF WORKERS IN FAMILY!!All families!!3 or more workers, both spouses worked"
"S1902_C03_017M","Margin of Error!!Mean income (dollars)!!FAMILY INCOME BY NUMBER OF WORKERS IN FAMILY!!All families!!3 or more workers, both spouses worked"
"S1902_C03_018E","Estimate!!Mean income (dollars)!!FAMILY INCOME BY NUMBER OF WORKERS IN FAMILY!!All families!!3 or more workers, other"
"S1902_C03_018M","Margin of Error!!Mean income (dollars)!!FAMILY INCOME BY NUMBER OF WORKERS IN FAMILY!!All families!!3 or more workers, other"
"S1902_C03_019E","Estimate!!Mean income (dollars)!!PER CAPITA INCOME BY RACE AND HISPANIC OR LATINO ORIGIN!!Total population"
"S1902_C03_019M","Margin of Error!!Mean income (dollars)!!PER CAPITA INCOME BY RACE AND HISPANIC OR LATINO ORIGIN!!Total population"
"S1902_C03_020E","Estimate!!Mean income (dollars)!!PER CAPITA INCOME BY RACE AND HISPANIC OR LATINO ORIGIN!!Total population!!One race--!!White"
"S1902_C03_020M","Margin of Error!!Mean income (dollars)!!PER CAPITA INCOME BY RACE AND HISPANIC OR LATINO ORIGIN!!Total population!!One race--!!White"
"S1902_C03_021E","Estimate!!Mean income (dollars)!!PER CAPITA INCOME BY RACE AND HISPANIC OR LATINO ORIGIN!!Total population!!One race--!!Black or African American"
"S1902_C03_021M","Margin of Error!!Mean income (dollars)!!PER CAPITA INCOME BY RACE AND HISPANIC OR LATINO ORIGIN!!Total population!!One race--!!Black or African American"
"S1902_C03_022E","Estimate!!Mean income (dollars)!!PER CAPITA INCOME BY RACE AND HISPANIC OR LATINO ORIGIN!!Total population!!One race--!!American Indian and Alaska Native"
"S1902_C03_022M","Margin of Error!!Mean income (dollars)!!PER CAPITA INCOME BY RACE AND HISPANIC OR LATINO ORIGIN!!Total population!!One race--!!American Indian and Alaska Native"
"S1902_C03_023E","Estimate!!Mean income (dollars)!!PER CAPITA INCOME BY RACE AND HISPANIC OR LATINO ORIGIN!!Total population!!One race--!!Asian"
"S1902_C03_023M","Margin of Error!!Mean income (dollars)!!PER CAPITA INCOME BY RACE AND HISPANIC OR LATINO ORIGIN!!Total population!!One race--!!Asian"
"S1902_C03_024E","Estimate!!Mean income (dollars)!!PER CAPITA INCOME BY RACE AND HISPANIC OR LATINO ORIGIN!!Total population!!One race--!!Native Hawaiian and Other Pacific Islander"
"S1902_C03_024M","Margin of Error!!Mean income (dollars)!!PER CAPITA INCOME BY RACE AND HISPANIC OR LATINO ORIGIN!!Total population!!One race--!!Native Hawaiian and Other Pacific Islander"
"S1902_C03_025E","Estimate!!Mean income (dollars)!!PER CAPITA INCOME BY RACE AND HISPANIC OR LATINO ORIGIN!!Total population!!One race--!!Some other race"
"S1902_C03_025M","Margin of Error!!Mean income (dollars)!!PER CAPITA INCOME BY RACE AND HISPANIC OR LATINO ORIGIN!!Total population!!One race--!!Some other race"
"S1902_C03_026E","Estimate!!Mean income (dollars)!!PER CAPITA INCOME BY RACE AND HISPANIC OR LATINO ORIGIN!!Total population!!Two or more races"
"S1902_C03_026M","Margin of Error!!Mean income (dollars)!!PER CAPITA INCOME BY RACE AND HISPANIC OR LATINO ORIGIN!!Total population!!Two or more races"
"S1902_C03_027E","Estimate!!Mean income (dollars)!!PER CAPITA INCOME BY RACE AND HISPANIC OR LATINO ORIGIN!!Total population!!Hispanic or Latino origin (of any race)"
"S1902_C03_027M","Margin of Error!!Mean income (dollars)!!PER CAPITA INCOME BY RACE AND HISPANIC OR LATINO ORIGIN!!Total population!!Hispanic or Latino origin (of any race)"
"S1902_C03_028E","Estimate!!Mean income (dollars)!!PER CAPITA INCOME BY RACE AND HISPANIC OR LATINO ORIGIN!!Total population!!White alone, not Hispanic or Latino"
"S1902_C03_028M","Margin of Error!!Mean income (dollars)!!PER CAPITA INCOME BY RACE AND HISPANIC OR LATINO ORIGIN!!Total population!!White alone, not Hispanic or Latino"
